{
  "popularity": {
    "precision_at_10": 0.004109362054681027,
    "recall_at_10": 0.041093620546810275,
    "ndcg_at_10": 0.019324601708789108,
    "map": 0.02042439489845217
  },
  "item_knn": {
    "precision_at_10": 0.0061474730737365365,
    "recall_at_10": 0.06147473073736537,
    "ndcg_at_10": 0.03076538881697723,
    "map": 0.030611479597756633
  },
  "mlp": {
    "precision_at_10": 0.005567522783761392,
    "recall_at_10": 0.055675227837613916,
    "ndcg_at_10": 0.02823416049942164,
    "map": 0.029514966076513258
  }
}
