{
  "precision_at_10": 0.005567522783761392,
  "recall_at_10": 0.055675227837613916,
  "ndcg_at_10": 0.02823416049942164,
  "map": 0.029514966076513258
}
