{
  "precision_at_10": 0.0039270919635459815,
  "recall_at_10": 0.03927091963545982,
  "ndcg_at_10": 0.018221160283934685,
  "map": 0.019564754915899298
}
