{
  "precision_at_10": 0.0036619718309859155,
  "recall_at_10": 0.036619718309859155,
  "ndcg_at_10": 0.017510178552331047,
  "map": 0.01956920771069361
}
